F-statistic,p-value
1.2964766822361669,0.23272777456895313
