F-statistic,p-value
1.3004777737116284,0.2305635066928355
