F-statistic,p-value
1.2970581726116261,0.2324122441682292
