MSE,MAE,R2,fold
56249476107.97459,125867.08442626336,-23849545.33251192,1
5047500046.992081,52895.04233094658,-1744129.6312119954,2
1688545245.8666348,24891.140752259784,-624637.6379429133,3
3058795797.2751303,18943.11623036674,-1122474.9371849557,4
17076307858.557983,83198.82101442116,-6912560.982878227,5
