MSE,MAE,R2,fold
457656170.8326826,12696.278462377335,-5545582.815007113,1
204597600.147783,8872.489622765495,-2906817.19319292,2
536748091.0743736,12790.263569336166,-7165872.511132096,3
290065835.0298861,9371.706071054561,-3624498.419142532,4
267986154.08172157,9951.15484146309,-3380761.1221559714,5
