MSE,MAE,R2,fold,crypto
0.03390566978124454,0.15743304975035652,0.386457517503619,1,BNBUSDT
4.8844473386739375,1.8990641754202449,-2.77881673290767,2,BNBUSDT
0.0499684016694407,0.18101824407338168,-0.04279700648554452,3,BNBUSDT
0.010744068605549552,0.08179990681643483,0.8862415435327704,4,BNBUSDT
0.059989920728127345,0.23063944775111914,-6.177633783330086,5,BNBUSDT
