MSE,MAE,R2,fold,crypto
4.093429184900297,1.5944824154171184,-41.29421027010447,1,XRPUSDT
1.0984770324779292,0.8321814820857513,-9.32755792146383,2,XRPUSDT
0.0194440639266119,0.12325597079443955,0.6816601474719637,3,XRPUSDT
0.0023771143999382076,0.02892361706548576,0.85590256029931,4,XRPUSDT
0.008752487201635057,0.0683735291218015,0.9830899035104825,5,XRPUSDT
