MSE,MAE,R2,fold
6146202810.30205,48816.534340381186,-21248207987.757034,1
8403842120.338244,45376.93327489083,-27136922562.59142,2
22235094983.80011,70006.03862472174,-73598446613.66101,3
8868351938.172617,44767.0979900782,-34884979926.57454,4
6873381045.868328,50215.403346716645,-23849599951.294914,5
