MSE,MAE,R2,fold,crypto
4.517315006638859,1.7030875191547878,-59.57439831102127,1,ETHUSDT
0.9394546079562858,0.7091076115340407,-0.33479573577812927,2,ETHUSDT
0.030000356741644845,0.14017079501310634,0.8450372631939649,3,ETHUSDT
0.00117019573274112,0.026511930565786896,0.9808796580009111,4,ETHUSDT
0.0019822314993102716,0.0326030314874116,0.9607664790412959,5,ETHUSDT
