MSE,MAE,R2,fold,crypto
10052.085573121478,42.06718169512411,-3371.8832759898473,1,MATICUSDT
6991.835557070685,67.51097835134232,-98402.9633362551,2,MATICUSDT
0.3484268466549238,0.5544008018006211,-4.262410336548079,3,MATICUSDT
0.0033672906786532167,0.045942364606768496,0.9634279701407766,4,MATICUSDT
0.0032681533451298745,0.04594750145189961,0.9617937893745377,5,MATICUSDT
