MSE,MAE,R2,fold
4050380788239.8203,797947.6856660161,-407137450974986.3,1
537048575989.5641,310966.07861970697,-56195338559021.414,2
46182172366126.81,1933494.8607540294,-4122504275684911.5,3
4568911272032.898,716914.1073268139,-374289300600092.5,4
9736098136645.502,1217176.273166512,-868352207542363.4,5
