MSE,MAE,R2,fold,crypto
327027.88913009444,499.46980355281335,-965492.7074496103,1,SOLUSDT
5.695524125224025,2.09475754998008,-46.382863293252875,2,SOLUSDT
0.023930792617909345,0.13852611646746618,0.9398042011182386,3,SOLUSDT
0.04881088497816911,0.18144221828513335,-0.9632353883537335,4,SOLUSDT
0.0042947966939201184,0.05230454520632926,0.9069012285237248,5,SOLUSDT
