MSE,MAE,R2,fold,crypto
92535.58155407355,236.21674467331772,-443220.93472518807,1,LINKUSDT
2.3505402516951954,1.4518121048858819,-7.335270176847823,2,LINKUSDT
0.03761761693035675,0.16712915860939784,-2.132738283004699,3,LINKUSDT
0.0024647765052887858,0.03870517508281641,0.9827965733715057,4,LINKUSDT
0.0030420741578479557,0.04110017031936885,0.9582569481041062,5,LINKUSDT
