MSE,MAE,R2,fold,crypto
3.143495334798782,1.202602529818446,-0.05477045193940544,1,MATICUSDT
0.40663813675702726,0.5195163953872162,-4.7230757179487055,2,MATICUSDT
0.07344017422049876,0.21841598430801779,-0.10919217519022073,3,MATICUSDT
0.04769632287694254,0.18333124404604031,0.4819718548538341,4,MATICUSDT
0.044696225060355935,0.18333701759392548,0.47748064167069837,5,MATICUSDT
