MSE,MAE,R2,fold
1567483873.7152815,26909.459985087797,-31058.25120953375,1
14098044099.437056,58917.152168330766,-272370.7362851393,2
601157442883.9823,433625.32088871486,-10860355.09473022,3
237148223703.77643,243235.4998925091,-4535661.000594275,4
65442135830.69111,159544.98180588256,-1181137.4904696571,5
