MSE,MAE,R2,fold
36083345902.038826,96715.15321807096,-116360242426.14528,1
189361952783.8344,187625.4151907792,-527729933754.75836,2
21147604765.746758,74284.3930748811,-63675029991.61569,3
37876213871.916336,116255.15096246552,-123569632943.31941,4
91564060210.82198,88353.48141376962,-220607378654.93616,5
