MSE,MAE,R2,fold
47507266729.81568,132911.04910111768,-138109844788.2302,1
22344586821.071,64016.29513861527,-68883543495.87968,2
14835317793.562218,57996.33797379968,-42148462047.5055,3
19662111985.09029,57865.27647463317,-51082023813.661064,4
54077707396.99323,91063.14017775023,-167773371695.51697,5
