MSE,MAE,R2,fold,crypto
67749.6886218414,176.41923331040877,-47126.691537971834,1,DOGEUSDT
0.688976806213086,0.7155026098090673,-2.9106880623216447,2,DOGEUSDT
0.09810807520633569,0.2878413160024816,-3.1508911972168505,3,DOGEUSDT
0.0033019436726034225,0.043115680903902984,0.9732564852026996,4,DOGEUSDT
0.008766955146905146,0.07219686630129118,0.9539881094529064,5,DOGEUSDT
