MSE,MAE,R2,fold
43670965848.749275,121600.90132442598,-30516.06534920358,1
29900923858.138634,106125.30170763737,-20350.593130385605,2
96198220346.14574,194311.00351458584,-64997.65838716216,3
32051865233.33975,104037.02465169839,-22253.46510297942,4
19676676675.10225,94388.97863901575,-12478.11603736773,5
