MSE,MAE,R2,fold
46388052624.10589,107763.35045927444,-32448.86648022129,1
25075309389.57276,93862.98345343593,-16940.365464365183,2
58070871885.69182,145990.6633513033,-39534.53128080914,3
2332487915.1212697,29979.221302983155,-1614.5524361000216,4
311893589699.45917,348876.3569987831,-197708.7204197542,5
