MSE,MAE,R2,fold
131533706759.34941,220191.9475780251,-162.16359021180534,1
114204880664.82047,196487.05543223448,-165.380547598037,2
69340520181.73645,161749.24231525755,-86.16206750826748,3
163360904890.3764,244902.82248007035,-253.15394046938428,4
59561605332.89085,147287.51325414146,-71.64444327497581,5
