MSE,MAE,R2,fold,crypto
5.034350646519207,2.0599884044560004,-90.0994536710573,1,BNBUSDT
5.955011110097536,1.838406146202708,-3.6070505150736016,2,BNBUSDT
0.07901518873749938,0.25486805302636345,-0.6489781447771679,3,BNBUSDT
0.0022806882440045977,0.037774927904067605,0.9758520180905296,4,BNBUSDT
0.0011711118070523766,0.025822623749894913,0.8598796003006773,5,BNBUSDT
