MSE,MAE,R2,fold,crypto
1.4295015441130843,1.0038682286694607,-47.68947113150441,1,BTCUSDT
0.47740524348804925,0.5083320199017684,-0.4049769000614085,2,BTCUSDT
0.015278821847085023,0.11023408381464761,0.9065573182706825,3,BTCUSDT
0.0018254886445630326,0.03415121458386457,0.9832653063226646,4,BTCUSDT
0.0008264151308352756,0.021892135876618788,0.983622407727255,5,BTCUSDT
