MSE,MAE,R2,fold
83108645384.69772,187361.14224824356,-16584486.496077642,1
17864656917.80975,79397.31075592413,-3682043.826860094,2
25407107571.98991,74335.65495463235,-5172626.536184223,3
19870271137.70672,73874.75236781908,-3997627.570059513,4
93512333859.62726,168125.4825018864,-18634432.307256628,5
