MSE,MAE,R2,fold,crypto
0.00806480894040752,0.062278620795035024,0.7234845404775765,1,BTCUSDT
1.378082386880099,1.0283426951210435,-3.044450994381437,2,BTCUSDT
0.014394781164335015,0.09333574203010954,0.9128103015868163,3,BTCUSDT
0.0015741075377905642,0.028893310783046525,0.9854856458066783,4,BTCUSDT
0.06837863929508957,0.19795486141071775,-0.36194406738093954,5,BTCUSDT
