MSE,MAE,R2,fold,crypto
0.7594034815045698,0.68250437625447,0.4959654960475923,1,DOGEUSDT
0.3817893622850703,0.5411211214968528,-1.1402385870332643,2,DOGEUSDT
0.09026996112743671,0.2678167782763957,-2.7986684861157696,3,DOGEUSDT
0.20613226570631615,0.34072998841598645,-0.6466821435180776,4,DOGEUSDT
0.06246843243265845,0.19399871031963767,0.676937527082946,5,DOGEUSDT
