MSE,MAE,R2,fold
6247474594.171387,46465.10501245527,-21970731340.880714,1
7980060577.108111,44687.33742434144,-27472843904.45228,2
4812321025.796341,41105.17763753912,-14940334193.49181,3
14837769062.324787,61722.70980678459,-58711945685.089836,4
9322798858.263132,50631.54579817387,-32161038493.157436,5
