MSE,MAE,R2,fold,crypto
0.08660588804848306,0.23339312456265457,0.7461868469116902,1,SOLUSDT
0.04495418575385239,0.16966314275783145,0.6311834469342482,2,SOLUSDT
0.021428296292082673,0.11094786751221937,0.9455403425302863,3,SOLUSDT
0.01354638669109887,0.09382462549314483,0.46447020541339146,4,SOLUSDT
0.07326622128145588,0.2321816201065344,-0.5883835746697934,5,SOLUSDT
