MSE,MAE,R2,fold,crypto
22.28897266433786,4.231370179324013,-623.6538369803371,1,LTCUSDT
0.13067452064215052,0.2842876620121731,-0.11346925615609793,2,LTCUSDT
0.0033057767272832283,0.04407555516719109,0.9661589412176498,3,LTCUSDT
0.0016849320589560253,0.02944013999062993,0.9229450686232539,4,LTCUSDT
0.0019191631725757005,0.03262636522934757,0.957979209932097,5,LTCUSDT
