MSE,MAE,R2,fold,crypto
11.459871190240326,2.7998881239235764,-27.763500114302026,1,ADAUSDT
16.81942577940973,3.365749216106052,-120.07754504502965,2,ADAUSDT
0.025399702320360148,0.14487100994543456,0.8055066227867401,3,ADAUSDT
0.0019051722358025592,0.03286747788095924,0.9826684820187046,4,ADAUSDT
0.003808971743341379,0.03765917181313912,0.9755704167804464,5,ADAUSDT
