MSE,MAE,R2,fold
650527268674.1029,504308.07655863295,-852.1908151221448,1
56824090951.811264,133053.05857903569,-75.8946717290726,2
85490481810.25554,183154.61382651888,-108.48216018676582,3
129124722127.22191,212698.34007063502,-185.35963523255884,4
73071257291.08463,156307.78912323253,-86.00407765027143,5
