MSE,MAE,R2,fold
5158153121686.095,442633.2383426308,-504511442705594.25,1
111384858744717.7,5236445.089415925,-1.13995527856446e+16,2
7560890446585.905,818134.2243966244,-679945703004878.8,3
9708061542087.17,1015880.3812506045,-803204635732766.2,4
190124940179806.72,6119842.764012978,-1.7229190107008668e+16,5
